ba result;NetMHCpan 4.0;NetMHC 4.0;NetMHCpan 3.0;NetMHcpan 2.8;NetMHC 3.4;NetMHCcons 1.1;NetMHCcons pickpocket 1.1;IEDB recommended;IEDB consensus;IEDB smmpmbec;IEDB smm;MHC flurry 1.2;ba result;Sequence
binder;2200.2;3245.19;3892.3;731.24;761;747.17;1672.99;0.8;0.1;;;2824.141109;3.906666667;RHYCYSVY
binder;4021.1;9120.32;6469.3;1358.97;2654;1904.94;2314.53;1;0.1;;;6001.048238;4.85;RHYCYSLY
binder;3244.9;2753.92;3951.2;2807.56;1126;1775.57;5932.98;0.6;0.1;;;813.0948639;21.93;VYRDGNPY
binder;4959.3;4022.01;7374.1;515.4;583;548.91;5932.98;0.8;0.1;;;334.1041331;36.81;QLLRREVY
binder;7695;8495.33;6850.1;664.45;497;576.3;2240.61;1;0.1;;;1628.083812;48.91;SEYRHYCY
binder;3402.6;3430.92;4275.6;247.96;116;170.61;5681.68;0.8;0.1;;;212.9623859;68.31;KISEYRHY
binder;2379.5;7637.92;2369.7;2404.92;4276;3219.45;3646.02;0.9;0.1;;;2414.756427;77.10;FYSKISEY
nb;17889.2;8988.65;16044.1;7199.63;1571;3361.84;7860.43;1;0.1;;;1796.889195;nb;AEPDRAHY
nb;8117;4471.38;7893.8;360.34;177;253.23;759.4;0.8;0.1;;;319.6990871;nb;REVYDFAF
binder;1148.9;3333.73;978.1;113.33;339;195.32;1904.94;0.7;0.1;;;100.1287587;0.50;CLKFYSKISEY
binder;1130.4;4699.1;1136.8;113.15;91;102.05;1209.27;0.8;0.1;;;508.0930893;2.87;SEYRHYCYSVY
binder;2382;1904.75;2534.8;472.83;81;196.38;3000.81;0.6;0.1;;;106.9651033;7.30;LQPETTDLYCY
binder;319.1;3381.72;639.8;139.57;133;136.67;2390.89;0.7;0.1;;;256.2689576;7.506666667;SVYGTTLEQQY
binder;230.4;1740.59;338;79.17;68;73.37;1619.56;0.5;0.1;;;117.2363641;8.18;SLYGTTLEQQY
binder;301.2;982.82;494.5;1370.47;1474;1422.36;2365.16;0.2;0.1;;;339.8685867;10.49;LCIVYRDGNPY
binder;399.3;1704.66;381.6;36.11;46;40.68;1362.11;0.5;0.1;;;67.71174661;11.22;LLRREVYDFAF
binder;3005.2;6524.1;4777.8;1249.83;1211;1229.06;2443.19;0.9;0.1;;;1395.570914;20.84;QQLLRREVYDF
binder;1362.3;1407.49;1404.6;3431.04;712;1559.37;11986.87;0.3;0.1;;;523.3780923;23.28;AGQAEPDRAHY
binder;6033.2;5410.21;5921.2;3229.91;3255;3254.47;7131.08;0.8;0.1;;;6511.682318;32.33;FYSKISEYRHY
binder;2677.8;2924.68;3765.8;3731.18;10652;6296.76;11112.54;0.6;0.1;;;11115.08209;33.39;CKQQLLRREVY
binder;1127.3;2106.16;1072.7;207.54;151;177.2;3307.72;0.6;0.1;;;595.6118817;37.75;TIHDIILECVY
binder;1481.7;3954.91;4349.9;367.93;92;184.04;1765.99;0.7;0.1;;;264.1992656;38.74;KQRHLDKKQRF
binder;2697.8;2847.98;2978;18727.5;15787;17130.58;16946.23;0.6;0.1;;;8454.014391;46.88;GQAEPDRAHYN
nb;6136.4;8293.61;4240.5;1126.21;1034;1079.41;5044.15;1;0.1;;;1327.251815;nb;LIRCINCQKPL
nb;5684.1;5377.35;3804.9;432.33;139;245.15;2904.96;0.8;0.1;;;300.3705417;nb;LMGTLGIVCPI
binder;26.9;18.62;38.7;32.31;14;21.25;1550.96;0.3;0.2;20.07;2.77;17.40913832;4.07;GQAEPDRAHY
binder;74.7;76.01;178.4;159.77;24;62.04;2122.61;0.4;0.25;4.83;3.98;30.4910632;5.80;KQQLLRREVY
binder;6135.8;4432.94;4466.4;17359.32;4551;8853.9;26985.39;2;0.25;25.45;3.31;9239.887417;54.36;IHDIILECVY
nb;7446;10415.17;9534.7;386.05;351;367.82;1602.13;1.2;0.3;;;383.1240581;nb;YSVYGTTL
binder;62.2;82.18;64.7;67.17;87;76.61;423.37;0.5;0.5;165.56;183.65;59.67455707;15.72;RAHYNIVTF
binder;31.9;61.09;46.1;45.55;64;54.48;776.01;0.7;0.7;103.74;96.38;52.87880709;6.22;IVYRDGNPY
binder;307.5;114.64;233.2;475.68;73;188.06;1097.07;0.8;0.8;131.81;114.02;86.10233925;4.68;LQPETTDLY
binder;6028;2365.29;4565.6;17186.17;3924;8208.09;22695.78;2.55;0.95;74.41;21.99;2585.698106;38.45;LQPETTDLYC
binder;2054.2;11010.92;1944.7;272.12;372;317.83;1709.59;1.9;1;;;1401.987097;3.73;SEYRHYCYSLY
binder;207.4;193.81;300;342.73;144;221.2;1209.27;1.1;1.1;206.51;165.58;230.9194095;8.12;QQLLRREVY
binder;2645.1;1317.37;3065.1;1446.74;495;850.76;9865.62;2.3;1.1;69.13;28.2;178.8670141;4.10;AVCDKCLKFY
binder;54;72.32;30;69.6;145;100.41;1196.26;1.25;1.1;34.72;28.66;85.35493741;5.07;FAFRDLCIVY
binder;3383.8;11119.27;2994.2;708.65;438;557.89;4335.14;2;1.1;;;1313.565293;19.64;YAVCDKCLKFY
nb;1433.4;3064.92;1308.3;3942.25;1470;2403.86;3932.89;2.8;1.15;42.92;30.57;1052.231106;nb;LQTTIHDIIL
binder;94;281.84;87.9;158.77;170;164.27;1158.05;1.2;1.2;217.75;179.89;73.45187782;12.88;LLRREVYDF
binder;8778.5;11406.61;9065;2956.98;6192;4288.48;5681.68;2.2;1.3;;;6823.58014;43.17;SKISEYRHYCY
nb;3976.7;1399.08;3307.3;2498.28;622;1249.17;5324.55;2.3;1.5;1066.47;944.06;991.6851693;nb;RLCVQSTHV
nb;4917.9;11578.08;7355.2;1585.72;627;995.27;2240.61;2.4;1.5;;;871.4412257;nb;VQSTHVDIRTL
binder;6468.4;1729.76;7102.1;2837.82;3877;3325.66;7945.94;3.05;1.55;37.04;44.59;246.6762095;69.06;LLMGTLGIVC
nb;2981.1;1131.31;1985.9;4723.35;618;1709.59;8387.64;2.45;1.6;44.94;45.63;3901.18266;nb;DLQPETTDLY
binder;4932.3;6139.74;5789.7;5318.11;3350;4219.45;4429.97;3.65;1.7;85.63;48.78;1691.47702;12.52;LRREVYDFAF
binder;114.3;110.45;125.9;212.29;362;277.63;2169.05;2.05;1.85;76.32;53.98;40.53014006;7.98;CIVYRDGNPY
binder;6519.9;12284.4;10844.6;2364.86;1308;1756.46;9346.08;3;2.2;;;3209.069828;28.75;KQRFHNIRGRW
binder;1678.9;2651.99;1435.6;1778.09;2875;2264.98;3000.81;2.7;2.5;1757.72;1256.03;3236.554372;58.91;SKISEYRHY
binder;6789.1;14125.18;6292.9;954.17;410;625.01;3932.89;3.6;2.8;;;465.4261795;42.43;LLMGTLGI
binder;1057.2;460.29;1030.7;744.26;278;454.22;2722.37;2.8;2.8;477.47;425.6;424.356194;6.13;AFRDLCIVY
binder;673.9;532.56;722.1;683.22;165;335.5;5382.48;3.5;2.8;164.3;89.18;188.0057025;4.67;KISEYRHYCY
binder;1582.7;2564.26;1215.3;2770.94;2179;2456.44;6128.72;4.4;2.8;147.45;86.95;330.560465;75.66;QLLRREVYDF
nb;17114.1;7808.63;15785.5;13059.64;9423;11112.54;13947.35;3.3;3;3451.04;2167.7;4894.483494;nb;LLIRCINCQ
binder;360.4;670.13;328.6;925.69;289;517.2;3416.85;3.85;3.15;353.7;104.77;464.4010901;3.83;LKFYSKISEY
nb;4021.2;2591.79;5027.3;34471.19;22405;27875.69;50000;4.8;3.2;322.58;109.96;13999.17395;nb;QQLLRREVYD
binder;5188.5;13626.49;7816.3;4571.08;5894;5182.46;14252.45;4.3;3.5;;;6852.546646;58.67;IVYRDGNPYAV
binder;1621.3;1345.65;1829.3;2584.29;478;1109;3807.28;5;3.75;315.97;139.08;600.4679447;14.38;QQYNKPLCDL
nb;20329.8;4073.52;17864.7;23359.44;19216;21269.21;40708.92;6.25;4.5;994.58;178.34;2725.191333;nb;LGIVCPICSQ
binder;235.9;48.14;174.5;217.35;55;109.48;3685.69;4.65;4.55;130.21;182.49;49.73440054;29.36;YSKISEYRHY
nb;4079.6;9071.31;3323.9;14782.6;2358;5900.97;13501.89;7;4.65;507.74;189.34;4793.903855;nb;HGDTPTLHEY
binder;986.2;1026.14;1178.4;943.57;900;922.68;1362.11;4.8;4.8;880.95;812.83;600.2029325;11.36;KFYSKISEY
binder;1236.5;1306.79;1221;938.16;1005;973.97;1407.05;5;5;876.9;859.01;899.9888976;3.563333333;YRHYCYSVY
binder;4656.1;1976.11;2732.9;2786.53;3786;3254.47;1276.5;5.1;5.1;1294.05;1124.6;1364.611432;37.48;HDIILECVY
binder;1425.9;2322.91;1434.1;2356.86;3332;2812.19;2192.64;5.8;5.8;1451.94;1039.92;762.7449456;47.83;AVCDKCLKF
nb;13984.7;17594.75;15171.7;3972.02;3111;3510.53;10301.97;6.4;5.9;;;1230.158938;nb;RLCVQSTH
nb;5150.4;5809.3;4957.2;5566.79;445;1576.34;7692.16;8.05;6.1;246.4;236.18;2409.224049;nb;EYRHYCYSVY
nb;5063.9;4628.91;4282.6;3730.6;7856;5411.67;2873.7;7.9;6.1;1126.26;230.81;3965.601;nb;SEYRHYCYSL
nb;18270.7;18481.22;20397.2;9722.96;7105;8342.39;10641.85;7.1;6.6;;;3542.62425;nb;TLGIVCPI
nb;1024;831.47;846.3;15827.16;3130;7054.34;6829.04;7.3;6.6;705.73;252.49;5063.000355;nb;DRAHYNIVTF
nb;15901.7;18539.49;16567.5;2803.55;5131;3807.28;4526.88;7.2;6.7;;;6206.802221;nb;DIILECVY
nb;18570.4;12566.44;19159.9;18972.44;16735;17791.74;25017.04;7.95;6.9;148.47;134.04;5693.303436;nb;RLCVQSTHVD
nb;6079.5;16932.66;8661.9;2481.05;3872;3099.81;3725.78;7.7;7.1;;;3027.772422;nb;QQYNKPLCDLL
binder;937.1;2322.78;860.8;2089.46;1172;1567.83;2904.96;8;8;1448.61;1555.97;534.5426071;7.54;LLMGTLGIV
nb;9196.3;2283.83;10940.6;3830.38;4750;4265.35;4676.23;8;8;849.08;1548.82;1163.297289;nb;LMGTLGIVC
binder;3340.2;2544.8;4008;6046.85;5050;5530.06;1925.66;8.2;8.2;1840.56;1614.36;1820.363714;43.73;RGRWTGRCM
nb;8401.9;4879.94;7925.2;9830.57;5667;7486.88;10081.44;8.8;8.8;2605.85;1815.52;3679.832733;nb;SLYGTTLEQ
nb;4658.7;2106.6;5308;6174.92;3728;4804.44;9550.53;10;10;2443.15;2187.76;3898.975103;nb;KQRFHNIRG
nb;9292.1;14330.69;7669.1;27379.59;7013;13797.25;37739.56;18;10.4;238.58;223.49;13805.74249;nb;DLLMGTLGIV
nb;8192.9;10882.66;8952.4;8539.14;5292;6719.1;11986.87;12.7;10.5;926.06;516.71;2785.836187;nb;LYGTTLEQQY
binder;886.6;1526.88;1672.1;1813.57;1933;1864.16;3000.81;12;12;2910.38;2296.15;627.7935489;28.79;GQAEPDRAH
nb;11395.1;3724.69;10517.3;8319.05;4599;6161.97;1925.66;13;13;2957.67;2779.71;2763.669943;nb;LEQQYNKPL
nb;13970.9;16162.74;15538.9;7457.11;5248;6262.79;17695.75;23.5;13;214.11;231.87;2715.162585;nb;YMLDLQPETT
binder;544.8;935.11;871.8;8217.98;14388;10874.65;29425.27;13.8;13.1;1526.3;986.85;5431.139564;38.45;IVYRDGNPYA
binder;721.3;1324.03;341.8;950.03;2551;1559.37;2169.05;14.3;13.1;1173.92;959.95;589.5003657;46.75;YAVCDKCLKF
binder;16210.9;12925.25;13894;21041.01;15141;17888.25;15208.39;14.75;13.35;1822.38;579.76;9607.028678;79.92;LCVQSTHVDI
binder;4781.2;5412.44;3961.2;6940.62;7918;7406.31;2722.37;14;14;4120.5;4634.47;3188.322348;19.98;TLHEYMLDL
nb;6088.1;3473.69;5004.4;6219.17;4410;5238.84;10191.11;14;14;3605.37;3318.94;2522.379797;nb;QAEPDRAHY
nb;20294.4;20675.64;23745;18324.8;14658;16404.99;33504.88;24.1;14.1;113.15;66.41;10128.18033;nb;CLKFYSKISE
binder;2396;4253.87;2226.8;2649.6;5652;3869.58;2122.61;15;15;3380.26;3435.58;2232.1043;6.00;YRHYCYSLY
binder;4085.5;5949.82;3978.6;6874.26;8263;7568.32;4830.5;15;15;5532.86;5260.17;3835.943091;11.13;KLPQLCTEL
nb;9068.5;11461.66;9800;5610.95;15403;9295.66;10414.04;17.15;15.05;728.85;993.69;2413.620013;nb;QLCTELQTTI
binder;3183.3;6475.15;3201.7;7508.05;11974;9499;3343.7;16;16;4841.17;3837.07;3508.220617;24.11;LQTTIHDII
binder;13486.3;11536.18;16285.1;13831.33;15412;14564.23;8297.38;16;16;3916.97;3999.45;7714.102387;70.23;CQKPLCPEE
binder;7668.7;9585.32;7002.7;10189.82;1259;3587.33;10874.65;18.5;16.1;1650.59;1517.92;5190.034039;10.57;EYRHYCYSLY
nb;16099.6;15117.01;17864.8;16801.08;16483;16583.46;7287.08;25;18;10963.52;10162.49;6856.540481;nb;CMSCCRSSR
nb;18112.8;6329;15376.8;15977.56;10914;13212.86;19932.31;18;18;8490.83;5321.08;6001.218224;nb;GIVCPICSQ
nb;3917.1;6258.59;3304;6198.88;10035;7903.07;4382.3;19;19;4885.96;5284.45;4511.577435;nb;GTLGIVCPI
binder;17382.1;25100.28;16677;5391.63;6712;5997.52;6755.55;25;20;;;4269.157639;56.25;NIRGRWTGRCM
nb;2398;1857.17;2052.6;16484.86;20441;18279.56;18082.85;22.65;21.1;4223.18;2852.66;8021.458668;nb;RAHYNIVTFC
nb;24486;20596.6;21090;19495.27;13773;16404.99;9447.76;28;22;12301.27;11967.41;9843.743232;nb;MSCCRSSRT
nb;3603.1;6302.21;3357.2;2810.17;6671;4335.14;13648.77;24.1;22.1;884.38;3113.51;1126.117648;nb;TLRLCVQSTH
nb;31283.9;17375.87;32349.3;28655.5;13421;19611.42;11857.88;31;23;7160.61;7888.6;13513.98567;nb;QLNDSSEEE
nb;2035.7;1582.95;3483;30012.35;17824;23192.26;50000;26.1;24.6;4588.18;4190.35;3359.668393;nb;AGQAEPDRAH
nb;16756.1;18024.83;16640.1;17026.45;16905;16946.23;6330.92;35;25;2955.56;1419.87;3833.242074;nb;LECVYCKQQL
nb;13381.3;21260.7;14104.9;21151.33;22774;21852.38;50000;36.5;26.5;7024.9;1089.56;10169.32198;nb;STLRLCVQST
nb;18225.7;21797.84;22047.4;15450.85;11881;13501.89;25842.4;37;27;700.87;1084.55;6582.867399;nb;CQKPLCPEEK
nb;24115.5;28366.14;25512.6;10520.78;6721;8433.14;7527.49;32;27;;;5673.984902;nb;RSSRTRRETQL
nb;18954.9;15499.94;20383.5;17580.1;16852;17130.58;18279.56;29;29;29850.39;29241.52;6841.424716;nb;LIRCINCQK
nb;17520.9;11299;16277.9;10057.74;15989;12721.85;6682.85;31.5;29.55;9029.01;6183.72;2627.164388;nb;SSRTRRETQL
nb;15214.2;17095.95;14309.2;21355.57;13342;16854.8;21040.32;39.5;30;426.23;2781.31;7743.669279;nb;ELQTTIHDII
nb;21053.8;30864.02;26148.1;9278.48;14668;11666.98;6829.04;33;31;;;3813.192409;nb;CVYCKQQL
nb;28410.4;29631.98;29028.1;17986.53;18220;18180.94;29425.27;29;31;;;9377.071196;nb;KQRHLDKK
nb;15109.2;26818.6;15406.1;2891.62;5700;4062.65;5620.54;23;31;;;1999.354901;nb;RTLEDLLM
nb;19528.8;24587.69;20971;4177.44;7125;5470.55;6469.41;19;31;;;3000.259756;nb;RTRRETQL
nb;4421.6;11152.53;4061.7;8949.25;10769;9812.39;4288.48;31;31;16863.59;14521.12;4739.977927;nb;FAFRDLCIV
nb;20253;28432.21;19142.2;34490.65;22902;28178.94;50000;40;31.5;5710.05;569.18;18609.31728;nb;DFAFRDLCIV
nb;31502.7;29503.7;36517.2;31416.9;25580;28331.79;50000;40;31.5;8583.02;407.61;10300.67223;nb;IVCPICSQKP
nb;14779.2;21716.85;13332.8;16478.37;9843;12721.85;14407.49;44.5;34.5;606.23;2952.91;4317.910559;nb;TLEDLLMGTL
nb;31088.2;28328.72;31826.8;30028.6;21095;25152.75;50000;45;36.5;7738.2;1349.74;10988.0249;nb;IILECVYCKQ
nb;31263;33102.03;27739.7;20793.23;14502;17410.87;16404.99;39;37;;;9088.570284;nb;MSCCRSSR
nb;28226.9;30589.73;29407.1;33262.57;20044;25842.4;50000;46;38.5;2720.45;966.61;14463.44824;nb;TLGIVCPICS
nb;34093.3;34904.73;33437.5;34642.68;12222;20589.91;50000;43.15;54.15;640.68;164.53;12045.8834;nb;PQLCTELQTT
nb;34771.3;37580.63;36368.2;36930.26;25456;30726.73;50000;61.5;68;921.81;1897.8;21094.65313;nb;MLDLQPETTD
nb;24378.1;28146.63;24645.7;27132.56;25392;26265.23;34610.27;77.5;69;60344.82;197810.8;17063.57751;nb;QYNKPLCDLL
